[
	{
		"id": "1",
		"article": "1111S3",
		"img": "http://www.avtorinok.ru/news/pics/Audi_A4_pic_24667.jpg",
		"brand": "audi",
		"model": "A4",
		"modification":"",
		"year": "2005",		
		"engine_type": "petrol",
		"volume": "1.8",
		"mileage": "210000",
		"number": "AWT 026371",
		"power": "110",
		"price":"670",
		"status": "available"
	},
	{
		"id": "2",
		"article": "1111R3",
		"img": "http://www.avtorinok.ru/news/pics/Audi_A4_pic_24667.jpg",
		"brand": "audi",
		"model": "A5",
		"modification":"",
		"year": "2000",		
		"engine_type": "petrol",
		"volume": "1.8",
		"mileage": "210000",
		"number": "AWT 023423",
		"power": "100",
		"price":"1000",
		"status": "sold"
	},
	{
		"id": "3",
		"article": "1111K3",
		"img": "http://www.avtorinok.ru/news/pics/Audi_A4_pic_24667.jpg",
		"brand": "audi",
		"model": "A4",
		"modification":"",
		"year": "2013",		
		"engine_type": "petrol",
		"volume": "2.0",
		"mileage": "",
		"number": "AWT 456462",
		"power": "180",
		"price":"900",
		"status": "available"
	}
]