[
	{
		"id": "4",
		"img": "",
		"brand": "audi",
		"model": "A4",
		"modification":"",
		"year": "2005",
		"title": "door",		
		"price":"67",
		"status": "available"
	},
	{
		"id": "5",
		"img": "",
		"brand": "audi",
		"model": "A5",
		"modification":"",
		"year": "2000",
		"title": "roof",		
		"price":"10",
		"status": "sold"
	},
	{
		"id": "6",
		"img": "",
		"brand": "bmw",
		"model": "A4",
		"modification":"",
		"year": "2013",
		"title": "roof",		
		"price":"80",
		"status": "available"
	}
]