[
	{
		"id": "1",
		"img": "http://www.avtorinok.ru/news/pics/Audi_A4_pic_24667.jpg",
		"brand": "audi",
		"model": "A4",
		"modification":"",
		"year": "2005",
		"title": "door",		
		"price":"67",
		"status": "available"
	},
	{
		"id": "2",
		"article": "1111S3",
		"img": "http://www.avtorinok.ru/news/pics/Audi_A4_pic_24667.jpg",
		"brand": "audi",
		"model": "A4",
		"modification":"",
		"year": "2005",		
		"engine_type": "petrol",
		"volume": "1.8",
		"mileage": "210000",
		"number": "AWT 026371",
		"power": "110",
		"price":"670",
		"status": "available"
	},
	{
		"id": "3",
		"img": "http://www.avtorinok.ru/news/pics/Audi_A4_pic_24667.jpg",
		"brand": "audi",
		"model": "A4",
		"modification":"",
		"year": "2013",
		"title": "roof",		
		"price":"80",
		"status": "available"
	},
	{
		"id": "4",
		"article": "1111K3",
		"img": "http://www.avtorinok.ru/news/pics/Audi_A4_pic_24667.jpg",
		"brand": "audi",
		"model": "A4",
		"modification":"",
		"year": "2013",		
		"engine_type": "petrol",
		"volume": "2.0",
		"mileage": "",
		"number": "AWT 456462",
		"power": "180",
		"title": "engine",
		"price":"900",
		"status": "available"
	}
]